{
  "0": 0.251376662063729,
  "1": 0.3307418991642306
}